Component,Reverse sequence,Forward sequence
NB01,AAGAAAGTTGTCGGTGTCTTTGTG,CACAAAGACACCGACAACTTTCTT
NB02,TCGATTCCGTTTGTAGTCGTCTGT,ACAGACGACTACAAACGGAATCGA
NB03,GAGTCTTGTGTCCCAGTTACCAGG,CCTGGTAACTGGGACACAAGACTC
NB04,TTCGGATTCTATCGTGTTTCCCTA,TAGGGAAACACGATAGAATCCGAA
NB05,CTTGTCCAGGGTTTGTGTAACCTT,AAGGTTACACAAACCCTGGACAAG
NB06,TTCTCGCAAAGGCAGAAAGTAGTC,GACTACTTTCTGCCTTTGCGAGAA
NB07,GTGTTACCGTGGGAATGAATCCTT,AAGGATTCATTCCCACGGTAACAC
NB08,TTCAGGGAACAAACCAAGTTACGT,ACGTAACTTGGTTTGTTCCCTGAA
NB09,AACTAGGCACAGCGAGTCTTGGTT,AACCAAGACTCGCTGTGCCTAGTT
NB10,AAGCGTTGAAACCTTTGTCCTCTC,GAGAGGACAAAGGTTTCAACGCTT
NB11,GTTTCATCTATCGGAGGGAATGGA,TCCATTCCCTCCGATAGATGAAAC
NB12,CAGGTAGAAAGAAGCAGAATCGGA,TCCGATTCTGCTTCTTTCTACCTG
NB13,TCACACGAGTATGGAAGTCGTTCT,AGAACGACTTCCATACTCGTGTGA
NB14,TCTATGGGTCCCAAGAGACTCGTT,AACGAGTCTCTTGGGACCCATAGA
NB15,CAGTGGTGTTAGCGAGGTAGACCT,AGGTCTACCTCGCTAACACCACTG
NB16,AGTACGAACCACTGTCAGTTGACG,CGTCAACTGACAGTGGTTCGTACT
NB17,ATCAGAGGTACTTTCCTGGAGGGT,ACCCTCCAGGAAAGTACCTCTGAT
NB18,GCCTATCTAGGTTGTTGGGTTTGG,CCAAACCCAACAACCTAGATAGGC
NB19,ATCTCTTGACACTGCACGAGGAAC,GTTCCTCGTGCAGTGTCAAGAGAT
NB20,ATGAGTTCTCGTAACAGGACGCAA,TTGCGTCCTGTTACGAGAACTCAT
NB21,TAGAGAACGGACAATGAGAGGCTC,GAGCCTCTCATTGTCCGTTCTCTA
NB22,CGTACTTTGATACATGGCAGTGGT,ACCACTGCCATGTATCAAAGTACG
NB23,CGAGGAGGTTCACTGGGTAGTAAG,CTTACTACCCAGTGAACCTCCTCG
NB24,CTAACCCATCATGCAGAACTATGC,GCATAGTTCTGCATGATGGGTTAG
NB25,CATTGCGTTGCATACCCAACTTAC,GTAAGTTGGGTATGCAACGCAATG
NB26,ATGAGAATGCGTAGTCGCTGTATG,CATACAGCGACTACGCATTCTCAT
NB27,TGTAAGAGGTGAATCTAACCGTCG,CGACGGTTAGATTCACCTCTTACA
NB28,GATACGGTGCCTTCTTAGGTTTCA,TGAAACCTAAGAAGGCACCGTATC
NB29,GGTCTGTCAACCCAAGGTGTCTAG,CTAGACACCTTGGGTTGACAGACC
NB30,TGGGTCGAAGTAGATCCTCACTGA,TCAGTGAGGATCTACTTCGACCCA
NB31,CAATGTAACTGATTGCTGTACGCA,TGCGTACAGCAATCAGTTACATTG
NB32,ATGACGTTGTCGGACTTCTACTGG,CCAGTAGAAGTCCGACAACGTCAT
NB33,AGTTACCCAACCGTACCAAGTCTG,CAGACTTGGTACGGTTGGGTAACT
NB34,GCCTTTGACTTGAGTTCTTCGTCC,GGACGAAGAACTCAAGTCAAAGGC
NB35,GCAGTCCCTCAGCTTCGTAAGTAG,CTACTTACGAAGCTGAGGGACTGC
NB36,TGTTTCCTCCTCTAACTGGGACAT,ATGTCCCAGTTAGAGGAGGAAACA
NB37,TGATACTAAGCATCAATCGCAAGC,GCTTGCGATTGATGCTTAGTATCA
NB38,TTCTCTGTATCGTCCTCCTGTGGT,ACCACAGGAGGACGATACAGAGAA
NB39,GAGAGGCTCTAGTTGACACTGTGG,CCACAGTGTCAACTAGAGCCTCTC
NB40,GGCTATCCTTGGTCATCCAAACTA,TAGTTTGGATGACCAAGGATAGCC
NB41,CGTGTACTTCTCTGGACGAACTCC,GGAGTTCGTCCAGAGAAGTACACG
NB42,CTGGCAGGTATGCCTTACACGTAG,CTACGTGTAAGGCATACCTGCCAG
NB43,CTACCGTCGAGTCAACAACGAAAG,CTTTCGTTGTTGACTCGACGGTAG
NB44,GAGTGGGAAGGAACCCTTTCTACT,AGTAGAAAGGGTTCCTTCCCACTC
NB45,CACTGAAGGCATCTCTGTTGGATC,GATCCAACAGAGATGCCTTCAGTG
NB46,CAGGAGAATGAAGTGGAACACAGC,GCTGTGTTCCACTTCATTCTCCTG
NB47,GAACTACCTGTGGGAAAGTTGCAC,GTGCAACTTTCCCACAGGTAGTTC
NB48,TACAGGTGTACCACGTTCCAGATG,CATCTGGAACGTGGTACACCTGTA
NB49,CTAGATGTTCAAAGCTGCACCAGT,ACTGGTGCAGCTTTGAACATCTAG
NB50,ACGCAGGAAGTTACCAAAGTCCAT,ATGGACTTTGGTAACTTCCTGCGT
NB51,GAGGACCCAGTAGGCTCATTCAAC,GTTGAATGAGCCTACTGGGTCCTC
NB52,GTCCACGAACAATCTTGTCTCTCA,TGAGAGACAAGATTGTTCGTGGAC
NB53,CTTTGCATGAGACGGTCTGAATCT,AGATTCAGACCGTCTCATGCAAAG
NB54,CATGCTCCTTAGTCAAAGCTCTTG,CAAGAGCTTTGACTAAGGAGCATG
NB55,CGTAGATCAGGGTCTCATCTTCCA,TGGAAGATGAGACCCTGATCTACG
NB56,TTCATGCCACCTGTTGAGTAGTGA,TCACTACTCAACAGGTGGCATGAA
NB57,ACTTCCGAAGGAGATTGACCTAGC,GCTAGGTCAATCTCCTTCGGAAGT
NB58,TCAGACTCACGGAGGAGTAACCTG,CAGGTTACTCCTCCGTGAGTCTGA
NB59,ACCTTGCTTTCCCTTCTTGATTGA,TCAATCAAGAAGGGAAAGCAAGGT
NB60,CCATAGAAGCCTTGGTTGAACATG,CATGTTCAACCAAGGCTTCTATGG
NB61,GTGCTGAGGCACATAGTACCCTCT,AGAGGGTACTATGTGCCTCAGCAC
NB62,TACGTCCTGAAGTAAGTGTGGGTG,CACCCACACTTACTTCAGGACGTA
NB63,GTTCAAGACCCAGGAACTTCAGAA,TTCTGAAGTTCCTGGGTCTTGAAC
NB64,GAAAGTCGATGAACGGTGTCTGTC,GACAGACACCGTTCATCGACTTTC
NB65,CCTTGTCTGGAGGAAGACTGAGAA,TTCTCAGTCTTCCTCCAGACAAGG
NB66,GAAGTTAGAAGCCACAAGGATCGG,CCGATCCTTGTGGCTTCTAACTTC
NB67,GGTGAGCACACGAGTATGACAAAC,GTTTGTCATACTCGTGTGCTCACC
NB68,CCACCTTCGTGTTTGCTTAGATTC,GAATCTAAGCAAACACGAAGGTGG
NB69,AGATCACATGAGGCTCGGACTGTA,TACAGTCCGAGCCTCATGTGATCT
NB70,ACACTCCATTCGTAGGATCTCGGT,ACCGAGATCCTACGAATGGAGTGT
NB71,CTGTTACTACCTGATGCTCCCAGG,CCTGGGAGCATCAGGTAGTAACAG
NB72,GTCGGTATGGAAGACAGTCAGCTA,TAGCTGACTGTCTTCCATACCGAC
NB73,GAGGGTTCTGTCATCCTGTTTCTT,AAGAAACAGGATGACAGAACCCTC
NB74,AGTGGAAGTGTTGGGATGCTTGTA,TACAAGCATCCCAACACTTCCACT
NB75,ACAACAGGGTTCATCACAATGGTC,GACCATTGTGATGAACCCTGTTGT
NB76,GTCCAGGGTTGATGTAACAAGCAT,ATGCTTGTTACATCAACCCTGGAC
NB77,GTTGTATCCCTGAGAAACAGGTCG,CGACCTGTTTCTCAGGGATACAAC
NB78,TTCTGATTCAAAGGTTCGGTTGTT,AACAACCGAACCTTTGAATCAGAA
NB79,CAGCAGTGAGAACTATCTCCGAGA,TCTCGGAGATAGTTCTCACTGCTG
NB80,GAATCGCTATCCTATGTTCATCCG,CGGATGAACATAGGATAGCGATTC
NB81,CCGAAACAACTTCACAAGATGAGG,CCTCATCTTGTGAAGTTGTTTCGG
NB82,TAGTCCTGGAACTCGACATACCGT,ACGGTATGTCGAGTTCCAGGACTA
NB83,TTCGACCTTACCTAGATCAAGCCA,TGGCTTGATCTAGGTAAGGTCGAA
NB84,TGGCACAGGTTCTAGGTCCACTAC,GTAGTGGACCTAGAACCTGTGCCA
NB85,GATCATCCAACTAACTCCTCCGTT,AACGGAGGAGTTAGTTGGATGATC
NB86,TACTTACGCTTGTTGGGATCACCT,AGGTGATCCCAACAAGCGTAAGTA
NB87,CCTCCCTAACAACAGGAGCATGTA,TACATGCTCCTGTTGTTAGGGAGG
NB88,CTGCTTCGGATCGGTAGTAGAAGA,TCTTCTACTACCGATCCGAAGCAG
NB89,CAACTAGCCAAACATTGATGCTGT,ACAGCATCAATGTTTGGCTAGTTG
NB90,GCCTCAAACCGTACCCTCTACATC,GATGTAGAGGGTACGGTTTGAGGC
NB91,AGTAGCGTGAGTTCCTATGGAGCC,GGCTCCATAGGAACTCACGCTACT
NB92,GGTCCTGTATCTTTCCACTCACAA,TTGTGAGTGGAAAGATACAGGACC
NB93,CCCAAGTCTGAAGTGATGGAAACT,AGTTTCCATCACTTCAGACTTGGG
NB94,GTAGGTGGCAGTTTGAGGACAATC,GATTGTCCTCAAACTGCCACCTAC
NB95,AAGTCCATTCTTCTTCCAGACAGG,CCTGTCTGGAAGAAGAATGGACTT
NB96,ATGGTGGACTCTATGACCGTTCAG,CTGAACGGTCATAGAGTCCACCAT
