Component,Sequence
SG00,GCCAAGGGACTATTATTCCTCCGC
SG01,ACTTCTACACAAGAGGGGAGGGCG
SG02,AGGGGGGGGAGGCACGCCCACAGC
SG03,CATCTCTCTACTAGCCGGGCGCTC
SG04,AGGAGGCCCGAGCCCTTTTCTGCC
SG05,GACCGGAATAATGAGGGGAGGGCG
SG06,GAGCTTTACTTGCTTATTATTCTT
SG07,GCCTGATTTCGGAAAAGAAAGCAG
SG08,TCGCTTTTGCAACCTCCCCAATCA
SG09,AGCCAGAAAGAGAGGGAGAATGGC
SG10,TAAGCGTATGTGTTACCTACATTA
SG11,GTGGCATGAGAGGAGAAAGTTACC
SG12,TCGGAATTGCCTGCTACACGATCC
SG13,TACGACGGAGAGTGGAGAACTGGC
SG14,TTAATGTTCCCCGTTACTAGGCAG
SG15,GCCCAAAAGAGTGAGTGTATTACG
SG16,CGGACTCTCTTTTTTACTCGATAG
SG17,CATCGTAGGCAATGTATTACTATC
SG18,TGGAAGCTCAATATGAGGGGGGAG
SG19,TTTTCTGGTGGGGCGTTCCCTAGG
SG20,GATTTTTTTCCCACTGCAGAGGTT
SG21,ACAATAATAACGCCGGCCCCTGAG
SG22,TCCCACGCACGGGCAACAGAAGGG
SG23,GAGGAGTTGTAAGAGAAGTCCCGA
SG24,CGTCCCAACACGCGCCCTAAATGG
SG25,AGAAAACCACGTTACCGCGCTACA
SG26,CGTTCAAAAAAATAGCTTCAGTCA
SG27,GAAGCAGCCCTGTTCCCCGTCGAC
SG28,TATCAGCGTAAGGAGGACTTGGTC
SG29,CCAGCGCCGTTTGTCCCGCGTCAC
SG30,CATTCATTTCTGCCGGCGTGGATC
SG31,AAAGAGGGAGAAGGGCGAACCAAT
SG32,GGATTCCGTTAACGAAGAAAGGGT
SG33,CCGAGAAATAGGCGACGTTCACCT
SG34,ACTTTTGGCAGAGTCGAAAGAATG
SG35,ACGGGTTGACTTCCCTTTGTTGGT
SG36,TTTCCCCTCACAAGCGTTTTTTGG
SG37,GCGCGGCTGTGCTATATGATGACC
SG38,CCGTCCCCTCTTAGCTGCCCTCTT
SG39,AGTGAAACGTTTTTCACATTGTCA
SG40,TGGTTTACTATACAATAGCTTGTA
SG41,CATCTCTTTTGACACCCCTGTCAT
SG42,TTATTTTGTTCGGCCAGTGGCTTT
SG43,TACCGCACTTTTTGCACAGTTCTG
SG44,GCGGTGTGTTAAGAATGTGTAGAT
SG45,TACGACACTTTGCTGGCGAATCAG
SG46,GTATGCTGTCTTTCCACACCACAC
SG47,AACCCCCGTTGCACGTTGCATGTG
SG48,AAATGCGCCGCAACGTAGCAAGTA
SG49,GATGATGATTGCCCGCCATTTCAA
SG50,CGAGGGGGAGATCTGCGAGAGAGA
SG51,GGTGTCTACCCTACGTAACGCCGG
SG52,CGTTTTTGAACCTCTCACCTAAAA
SG53,CATATTCACACGCATGTATACTCA
SG54,TTAGCAGCTCACGAACTTCCTGCC
SG55,TCTCACACACTTGTCGTGTTGTTA
SG56,GCGGGCGTCTTTGCGCACTATCGA
SG57,GGCCCCGCACCCCTTACTTTGGTG
SG58,GAGAAGCCACGATGACGGAGTGGA
SG59,CATGCTATTTTTGTACACACATTC
SG60,GGGTAAAAAGTATGCTGATGTCCC
SG61,CCTGTCCTCCCGTTTGCCCCAGTA
SG62,TCCGCATTATGCCTATATACTCCG
SG63,ACCCGATGAGAAAAGGTCACGCGC
SG64,CACTCCATTTTTTTAGAAAAAAAA
SG65,ATGTAACGATGTTAGCTACCCGAG
SG66,ACTATCGCATTTCTCACGCATTTC
SG67,CAGCCTTACCGTTGGGCCTCCAGA
SG68,CTAGGCAGTAAGCTGTGAAAGTCA
SG69,ACAGTCCCCCCACACACGACCGAA
SG70,CCTAAGCAATGGCTATATCGAGAC
SG71,AGGCCCTCCACATCACCGTTTGTA
SG72,AATGTAGCATTTATTGCACTCGTC
SG73,TGGCGCCTCACGCAAACCACGAGT
SG74,AACCCCTAATGATGTTGCCCTCGT
SG75,CGAAGATAGGCGAGAACTCAGACT
SG76,GTTCTTTACATTATGTTCGTTGTG
SG77,CCATCCCACGCTTTTTGCTCCTTA
SG78,GGTATTTCCTCTCGACCCTACATT
SG79,AGACCCTGTCGCCTTACGACGATC
SG80,ATAAAGCGACTTTGACAGCCTTTC
SG81,GTGTTGACTTTTGCACACACGCAT
SG82,CACACCCCTCATTGGCAATATCGA
SG83,GGTGTTACTTTCCCTCCCCTAGGC
SG84,GTACTGCACGCAATTGCCACTCTT
SG85,GACGATATTCGCGCACACCTGCTC
SG86,CGGAGAAAGGCGACGAGCGGTTTT
SG87,TTTATTATGCGTTAATTTTTTTTA
SG88,CTCTCCCCCACCCCATCGATGTTT
SG89,TACGTGTGTGCAACTTACCACATA
SG90,CAACGCACTAAATGGGGCGTGTTG
SG91,ATTCGCCGTCTTATTTCCCGCGAA
SG92,TCGCTCGACACCTCGTGCTGTGGA
SG93,GTCCCATGTCTTGCCTTCATGTTT
SG94,CTGGGCATACCATATGGCGTTTAT
SG95,TGCCCTCTTTTGTCCAACTCCTTG
SG96,CCCTTCGAACAGCTACCATTTTGT
SG97,AGTCACATTCCCATCTTTCCCACC
SG98,TTTTTAGAAGTTTCGCAGGATTAA
SG99,CCCACATCTTTTCTATACCCCATG
SG100,GGACATTTGCATATTTCAGCATCG
SG101,AACGCGCCCCATACGTTTTCTCAA
SG102,TCTTTCATGTTCAACGCCACAACT
SG103,CGCGGCACTTTACACTCGTACGCA
SG104,CTATACTCATGTGTTACCGCATGG
SG105,CCTTTAGCACGTACCCTATCTGCA
SG106,ACGATCGGGGAGTGGAAAAGAAGT
SG107,GTCCCTGCGTTTTCCTGGTATTGC
SG108,GGGGAAAAAAAGATCGAGCTGCTC
SG109,CGCTATATATATGGCCTTGCTTGC
SG110,GGCATTTATCCGCATACTCTACAA
SG111,TCCTATACCCTATTCACACGACAG
SG112,GTAGTCTCCGGAAGTTTGTGTACT
SG113,ATCCCCACGTGCACACTGTCGAGT
SG114,TAACGATGAGCAAGCTGCAATGGC
SG115,CATTTTTCACACTCTCTTTTGTGC
SG116,TTGCTAGTTGCATGTACGTGTAAG
SG117,ATGTTACCCTTGTCCTTTTGCTCT
SG118,GTTCGCTCTGCCATATGTTTTAGA
SG119,TTGGTGAACAGTTCTCGCAGAAGT
SG120,AGCGTTCCCATGACATGCACCAGC
SG121,ATCTGCACTGCACACGTTCAACTG
SG122,CGCAGCTCCAACCCCTCTTTGCGG
SG123,CTTTTTACCCACGCAAATCTTCAG
SG124,ATCAGTGCATTGCCACTCCAAGGC
SG125,TGACACGCTCTTTTTGTTGCACAA
SG126,GGCCTAAAGTACGTCTTCCAACCT
SG127,GCCATCCTATATGCTGTATCCCGT
SG128,GCAAGAAGTGTTTAAAGCCGACCA
SG129,GTCATTCTGTTTGCTTTGCGTAGA
SG130,GTGAAGGACCACTCGGTCAAAGGC
SG131,ACCCTCCCTTGTACTGCAAACATC
SG132,TCTTTCTTCATCGTTCCCGCACCC
SG133,GCCTTCTTGTTTATAACTTGGTGA
SG134,AGTGCCACTCTCACACACCACGAA
SG135,ATGCCCTACGCTGTTATATTCTCA
SG136,TTTTTACTCCGTGCGCCGCGCTGG
SG137,GTCACGCGGCATAACACCTCAAGT
SG138,TTTAACTTCCTGTTACGCCTTTAC
SG139,CTATATTACTGCCTTTTCCCCGTG
SG140,TGTACCGCGCCATCTTATCGTTAT
SG141,TAACGTTTCTTCAAGGAACCGCAG
SG142,TCTTCGTAACGTATCTCTGCAAAT
SG143,GCACCACGTCCTAACGCGCCCCAC
SG144,ATCCCTACTGCCTCACCGCACATC
SG145,ATATATTGCGCCCTAAACATTTTC
SG146,GTATCGTGAAGACGGCGTGTGAAG
